Device_Type,Daily_Phone_Hours,Social_Media_Hours,Work_Productivity_Score
Android,6.530494417862839,4.267456140350878,5.534370015948963
iOS,6.487600321027287,4.26704253611557,5.472953451043339
